year,country,e_waste_recycled
2008,Austria,46
2008,Belgium,28.3
2008,Greece,21.6
2008,Finland,37.9
2008,Hungary,28.3
2008,Lithuania,15.2
2008,Luxembourg,36.6
2008,Netherlands,22.5
2008,Portugal,21.8
2008,Sweden,62.4
2008,Slovakia,31.8
2009,Austria,36.1
2009,Belgium,30.8
2009,Cyprus,10.9
2009,Germany,38.1
2009,Denmark,39
2009,Estonia,22.4
2009,Greece,29
2009,Spain,12.6
2009,Finland,29.9
2009,France,19.2
2009,Hungary,29.5
2009,Lithuania,10.5
2009,Luxembourg,38
2009,Malta,12.1
2009,Netherlands,22
2009,Poland,13.9
2009,Portugal,24
2009,Romania,17
2009,Sweden,52.2
2009,Slovenia,17.6
2009,Slovakia,34.2
2010,Austria,35.7
2010,Belgium,30.4
2010,Bulgaria,40.8
2010,Cyprus,11.5
2010,Czechia,22.7
2010,Germany,37.8
2010,Denmark,41
2010,Estonia,30.3
2010,Greece,19.4
2010,Spain,14.7
2010,Finland,28.7
2010,France,21.8
2010,Hungary,26
2010,Ireland,30.9
2010,Italy,27.8
2010,Lithuania,16.6
2010,Luxembourg,33
2010,Latvia,14.5
2010,Malta,13.1
2010,Netherlands,27.8
2010,Poland,17.7
2010,Portugal,22.8
2010,Romania,12
2010,Sweden,55.3
2010,Slovenia,22
2010,Slovakia,34.9
2010,United Kingdom,26.9
2011,Austria,37.1
2011,Belgium,31.9
2011,Bulgaria,49.4
2011,Cyprus,11.5
2011,Czechia,26
2011,Germany,34.4
2011,Denmark,50.1
2011,Estonia,36.9
2011,Greece,19
2011,Spain,16.7
2011,Finland,31
2011,France,22.6
2011,Hungary,25.3
2011,Ireland,32.5
2011,Italy,29.8
2011,Lithuania,28.2
2011,Luxembourg,30.6
2011,Latvia,19.9
2011,Malta,9.7
2011,Netherlands,33
2011,Poland,23.9
2011,Portugal,30.5
2011,Romania,10.3
2011,Sweden,64.9
2011,Slovenia,26.4
2011,Slovakia,39.6
2011,United Kingdom,23.9
2012,Austria,38.2
2012,Belgium,32
2012,Bulgaria,62.4
2012,Cyprus,12.2
2012,Czechia,27.1
2012,Germany,34.8
2012,Denmark,46.5
2012,Estonia,35.9
2012,Greece,18.6
2012,Spain,19
2012,Finland,32.8
2012,France,22.6
2012,Hungary,30.8
2012,Ireland,36.1
2012,Italy,27.7
2012,Lithuania,41.1
2012,Luxembourg,27.6
2012,Latvia,26.5
2012,Malta,9.9
2012,Netherlands,33.2
2012,Poland,30.4
2012,Portugal,24.9
2012,Romania,14.5
2012,Sweden,62.6
2012,Slovenia,26.9
2012,Slovakia,42.6
2012,United Kingdom,22.5
2013,Austria,37.6
2013,Belgium,31.7
2013,Bulgaria,60.2
2013,Cyprus,12.1
2013,Czechia,28.5
2013,Germany,35.6
2013,Denmark,37.6
2013,Estonia,27.8
2013,Greece,22.1
2013,Spain,26.1
2013,Finland,36.3
2013,France,23.6
2013,Hungary,40
2013,Ireland,38.6
2013,Italy,26.3
2013,Lithuania,43.8
2013,Luxembourg,29.3
2013,Latvia,27.8
2013,Malta,11
2013,Netherlands,31.3
2013,Poland,28.1
2013,Portugal,32.3
2013,Romania,21
2013,Sweden,64.9
2013,Slovenia,16.7
2013,Slovakia,41.7
2013,United Kingdom,22.8
2014,Austria,39.1
2014,Belgium,29.6
2014,Bulgaria,68.3
2014,Cyprus,17
2014,Czechia,29.3
2014,Germany,36.9
2014,Denmark,42.3
2014,Estonia,35.7
2014,Greece,29
2014,Spain,26.2
2014,Finland,42.4
2014,France,26.3
2014,Croatia,35.7
2014,Hungary,47.7
2014,Ireland,43.1
2014,Italy,27.3
2014,Lithuania,64.6
2014,Luxembourg,35.4
2014,Latvia,26.4
2014,Malta,11.5
2014,Netherlands,38.1
2014,Poland,27.4
2014,Portugal,38.2
2014,Romania,21.3
2014,Sweden,52.7
2014,Slovenia,27.5
2014,Slovakia,44.1
2014,United Kingdom,29.6
2015,Austria,40.7
2015,Belgium,33.8
2015,Bulgaria,96.5
2015,Cyprus,27
2015,Czechia,37.9
2015,Germany,33.9
2015,Denmark,43
2015,Estonia,43.8
2015,Greece,32.7
2015,Spain,35.6
2015,Finland,43.2
2015,France,32.2
2015,Croatia,58.3
2015,Hungary,50.7
2015,Ireland,46.1
2015,Italy,32.1
2015,Lithuania,45.9
2015,Luxembourg,42.5
2015,Latvia,23.1
2015,Malta,13.1
2015,Netherlands,39.3
2015,Poland,33.1
2015,Portugal,42.7
2015,Romania,22.5
2015,Sweden,51.6
2015,Slovenia,47.7
2015,Slovakia,40.3
2015,United Kingdom,36.6
2016,Austria,41
2016,Belgium,38.3
2016,Bulgaria,105.2
2016,Cyprus,27.1
2016,Czechia,54
2016,Germany,39
2016,Denmark,41.4
2016,Estonia,51.8
2016,Greece,34.2
2016,Spain,37.4
2016,Finland,42.1
2016,France,37.1
2016,Croatia,89.2
2016,Hungary,53.4
2016,Ireland,49.5
2016,Lithuania,38.9
2016,Luxembourg,45.6
2016,Latvia,23.2
2016,Malta,15.9
2016,Netherlands,40.4
2016,Poland,38.9
2016,Portugal,45.8
2016,Romania,25
2016,Sweden,55.4
2016,Slovenia,39.3
2016,Slovakia,50.3
2016,United Kingdom,49.8
2017,Austria,50.1
2017,Belgium,36.7
2017,Bulgaria,68.8
2017,Cyprus,50.2
2017,Czechia,53.2
2017,Germany,38.7
2017,Denmark,38.5
2017,Estonia,50.6
2017,Greece,32.9
2017,Spain,41
2017,Finland,48.2
2017,France,36.6
2017,Croatia,81.3
2017,Hungary,51.1
2017,Ireland,47.7
2017,Lithuania,35.1
2017,Luxembourg,45.5
2017,Latvia,40.6
2017,Malta,20.8
2017,Netherlands,43.3
2017,Poland,36.1
2017,Portugal,43.5
2017,Sweden,47
2017,Slovenia,32.5
2017,Slovakia,46.5
2017,United Kingdom,42.2
2018,Austria,46
2018,Belgium,39.3
2018,Bulgaria,66.7
2018,Czechia,43.6
2018,Germany,36.9
2018,Denmark,67.5
2018,Estonia,53.7
2018,Greece,35.8
2018,Spain,43
2018,Finland,49.2
2018,France,34.2
2018,Croatia,83.4
2018,Hungary,50.5
2018,Ireland,53.5
2018,Lithuania,36.4
2018,Luxembourg,44.1
2018,Latvia,43.3
2018,Netherlands,41
2018,Poland,39.1
2018,Sweden,45.4
2018,Slovenia,33.6
2018,Slovakia,45.8
2018,United Kingdom,67
